{
  "Total" : {
    "transaction" : "Total",
    "sampleCount" : 1999,
    "errorCount" : 0,
    "errorPct" : 0.0,
    "meanResTime" : 16.39219609804899,
    "medianResTime" : 2.0,
    "minResTime" : 0.0,
    "maxResTime" : 84.0,
    "pct1ResTime" : 62.0,
    "pct2ResTime" : 68.0,
    "pct3ResTime" : 76.0,
    "throughput" : 199.38160781966886,
    "receivedKBytesPerSec" : 18345.918190828845,
    "sentKBytesPerSec" : 56.622800250598445
  },
  "TestNewProduct-1" : {
    "transaction" : "TestNewProduct-1",
    "sampleCount" : 500,
    "errorCount" : 0,
    "errorPct" : 0.0,
    "meanResTime" : 1.3000000000000007,
    "medianResTime" : 1.0,
    "minResTime" : 0.0,
    "maxResTime" : 8.0,
    "pct1ResTime" : 2.0,
    "pct2ResTime" : 2.0,
    "pct3ResTime" : 6.0,
    "throughput" : 50.15045135406219,
    "receivedKBytesPerSec" : 152.06508196464392,
    "sentKBytesPerSec" : 6.315332716900702
  },
  "TestNewProduct" : {
    "transaction" : "TestNewProduct",
    "sampleCount" : 500,
    "errorCount" : 0,
    "errorPct" : 0.0,
    "meanResTime" : 2.9979999999999984,
    "medianResTime" : 3.0,
    "minResTime" : 2.0,
    "maxResTime" : 11.0,
    "pct1ResTime" : 4.0,
    "pct2ResTime" : 5.0,
    "pct3ResTime" : 10.0,
    "throughput" : 50.14039310068191,
    "receivedKBytesPerSec" : 169.2189301920377,
    "sentKBytesPerSec" : 25.410504882420778
  },
  "TestNewProduct-0" : {
    "transaction" : "TestNewProduct-0",
    "sampleCount" : 500,
    "errorCount" : 0,
    "errorPct" : 0.0,
    "meanResTime" : 1.6419999999999997,
    "medianResTime" : 1.0,
    "minResTime" : 1.0,
    "maxResTime" : 8.0,
    "pct1ResTime" : 2.0,
    "pct2ResTime" : 3.0,
    "pct3ResTime" : 5.990000000000009,
    "throughput" : 50.15045135406219,
    "receivedKBytesPerSec" : 17.187793850300903,
    "sentKBytesPerSec" : 19.100269558676025
  },
  "TestProducts" : {
    "transaction" : "TestProducts",
    "sampleCount" : 499,
    "errorCount" : 0,
    "errorPct" : 0.0,
    "meanResTime" : 59.715430861723426,
    "medianResTime" : 59.0,
    "minResTime" : 41.0,
    "maxResTime" : 84.0,
    "pct1ResTime" : 73.0,
    "pct2ResTime" : 75.0,
    "pct3ResTime" : 81.0,
    "throughput" : 49.785493365259896,
    "receivedKBytesPerSec" : 18014.693548588246,
    "sentKBytesPerSec" : 6.077330733063953
  }
}